Company,Email,Phone,City
Company 1,contact1@example.com,+251981803115,Dubai
Company 2,contact2@example.com,+251980713157,Riyadh
Company 3,contact3@example.com,+251911006605,Nairobi
Company 4,contact4@example.com,+251932107639,Cairo
Company 5,contact5@example.com,+251912577501,Nairobi
Company 6,contact6@example.com,+251965125874,Nairobi
Company 7,contact7@example.com,+251948106005,Jeddah
Company 8,contact8@example.com,+251964672781,Dubai
Company 9,contact9@example.com,+251996193885,Nairobi
Company 10,contact10@example.com,+251929820320,Riyadh
Company 11,contact11@example.com,+251952334988,Nairobi
Company 12,contact12@example.com,+251944813903,Jeddah
Company 13,contact13@example.com,+251984085985,Riyadh
Company 14,contact14@example.com,+251910927229,Cairo
Company 15,contact15@example.com,+251979264181,Cairo
Company 16,contact16@example.com,+251946096266,Riyadh
Company 17,contact17@example.com,+251935218601,Riyadh
Company 18,contact18@example.com,+251959620530,Dubai
Company 19,contact19@example.com,+251971187467,Cairo
Company 20,contact20@example.com,+251955097658,Riyadh
Company 21,contact21@example.com,+251947109323,Nairobi
Company 22,contact22@example.com,+251942665663,Cairo
Company 23,contact23@example.com,+251913807953,Jeddah
Company 24,contact24@example.com,+251923064880,Addis Ababa
Company 25,contact25@example.com,+251955337350,Riyadh
Company 26,contact26@example.com,+251931919047,Addis Ababa
Company 27,contact27@example.com,+251959748385,Cairo
Company 28,contact28@example.com,+251933649356,Dubai
Company 29,contact29@example.com,+251969151961,Cairo
Company 30,contact30@example.com,+251949640797,Riyadh
Company 31,contact31@example.com,+251920504390,Addis Ababa
Company 32,contact32@example.com,+251997858548,Jeddah
Company 33,contact33@example.com,+251963638652,Cairo
Company 34,contact34@example.com,+251994517326,Dubai
Company 35,contact35@example.com,+251962495606,Jeddah
Company 36,contact36@example.com,+251918964116,Cairo
Company 37,contact37@example.com,+251910321796,Nairobi
Company 38,contact38@example.com,+251936566532,Cairo
Company 39,contact39@example.com,+251969253147,Jeddah
Company 40,contact40@example.com,+251959373614,Nairobi
Company 41,contact41@example.com,+251932212071,Jeddah
Company 42,contact42@example.com,+251979118220,Cairo
Company 43,contact43@example.com,+251918306817,Dubai
Company 44,contact44@example.com,+251977884608,Riyadh
Company 45,contact45@example.com,+251940675541,Cairo
Company 46,contact46@example.com,+251978364080,Jeddah
Company 47,contact47@example.com,+251951890890,Riyadh
Company 48,contact48@example.com,+251943634731,Addis Ababa
Company 49,contact49@example.com,+251967514390,Nairobi
Company 50,contact50@example.com,+251988284878,Nairobi
Company 51,contact51@example.com,+251996121605,Jeddah
Company 52,contact52@example.com,+251958750630,Addis Ababa
Company 53,contact53@example.com,+251931749660,Cairo
Company 54,contact54@example.com,+251951734431,Dubai
Company 55,contact55@example.com,+251951074035,Jeddah
Company 56,contact56@example.com,+251991706922,Cairo
Company 57,contact57@example.com,+251931488160,Addis Ababa
Company 58,contact58@example.com,+251916417039,Dubai
Company 59,contact59@example.com,+251955581598,Dubai
Company 60,contact60@example.com,+251990068570,Cairo
Company 61,contact61@example.com,+251967241236,Nairobi
Company 62,contact62@example.com,+251974953087,Jeddah
Company 63,contact63@example.com,+251914683409,Addis Ababa
Company 64,contact64@example.com,+251964131950,Nairobi
Company 65,contact65@example.com,+251934964691,Riyadh
Company 66,contact66@example.com,+251958025186,Cairo
Company 67,contact67@example.com,+251980985769,Nairobi
Company 68,contact68@example.com,+251956065441,Nairobi
Company 69,contact69@example.com,+251925180887,Cairo
Company 70,contact70@example.com,+251929371340,Addis Ababa
Company 71,contact71@example.com,+251944781616,Addis Ababa
Company 72,contact72@example.com,+251942471467,Jeddah
Company 73,contact73@example.com,+251961794621,Jeddah
Company 74,contact74@example.com,+251970552786,Cairo
Company 75,contact75@example.com,+251988569928,Riyadh
Company 76,contact76@example.com,+251915243661,Dubai
Company 77,contact77@example.com,+251918707781,Nairobi
Company 78,contact78@example.com,+251946673594,Cairo
Company 79,contact79@example.com,+251950137428,Addis Ababa
Company 80,contact80@example.com,+251917729116,Riyadh
Company 81,contact81@example.com,+251947650818,Dubai
Company 82,contact82@example.com,+251932471739,Addis Ababa
Company 83,contact83@example.com,+251930621778,Dubai
Company 84,contact84@example.com,+251982057353,Cairo
Company 85,contact85@example.com,+251958632814,Nairobi
Company 86,contact86@example.com,+251913761479,Cairo
Company 87,contact87@example.com,+251921264245,Cairo
Company 88,contact88@example.com,+251932121068,Riyadh
Company 89,contact89@example.com,+251961643032,Jeddah
Company 90,contact90@example.com,+251942102268,Cairo
Company 91,contact91@example.com,+251969750119,Riyadh
Company 92,contact92@example.com,+251928713881,Cairo
Company 93,contact93@example.com,+251922024292,Addis Ababa
Company 94,contact94@example.com,+251914606175,Addis Ababa
Company 95,contact95@example.com,+251987315730,Cairo
Company 96,contact96@example.com,+251971122590,Jeddah
Company 97,contact97@example.com,+251999379845,Riyadh
Company 98,contact98@example.com,+251993238408,Riyadh
Company 99,contact99@example.com,+251961414429,Cairo
Company 100,contact100@example.com,+251987790927,Dubai
Company 101,contact101@example.com,+251990403523,Riyadh
Company 102,contact102@example.com,+251931985759,Dubai
Company 103,contact103@example.com,+251933220358,Cairo
Company 104,contact104@example.com,+251954175832,Jeddah
Company 105,contact105@example.com,+251986667565,Cairo
Company 106,contact106@example.com,+251960480126,Dubai
Company 107,contact107@example.com,+251978636620,Addis Ababa
Company 108,contact108@example.com,+251979015824,Nairobi
Company 109,contact109@example.com,+251946603759,Addis Ababa
Company 110,contact110@example.com,+251958324146,Jeddah
Company 111,contact111@example.com,+251927036951,Addis Ababa
Company 112,contact112@example.com,+251976120000,Riyadh
Company 113,contact113@example.com,+251975187007,Jeddah
Company 114,contact114@example.com,+251928978462,Jeddah
Company 115,contact115@example.com,+251985660962,Riyadh
Company 116,contact116@example.com,+251956259599,Jeddah
Company 117,contact117@example.com,+251994442620,Cairo
Company 118,contact118@example.com,+251921743726,Cairo
Company 119,contact119@example.com,+251983909680,Addis Ababa
Company 120,contact120@example.com,+251915118391,Addis Ababa
Company 121,contact121@example.com,+251979008633,Riyadh
Company 122,contact122@example.com,+251918013487,Dubai
Company 123,contact123@example.com,+251920543340,Cairo
Company 124,contact124@example.com,+251999652927,Nairobi
Company 125,contact125@example.com,+251995790129,Cairo
Company 126,contact126@example.com,+251990625943,Cairo
Company 127,contact127@example.com,+251979141626,Cairo
Company 128,contact128@example.com,+251993440109,Nairobi
Company 129,contact129@example.com,+251910635582,Dubai
Company 130,contact130@example.com,+251994395666,Riyadh
Company 131,contact131@example.com,+251923922916,Cairo
Company 132,contact132@example.com,+251924873555,Nairobi
Company 133,contact133@example.com,+251994037089,Cairo
Company 134,contact134@example.com,+251927455440,Addis Ababa
Company 135,contact135@example.com,+251958917188,Dubai
Company 136,contact136@example.com,+251991692447,Cairo
Company 137,contact137@example.com,+251971366815,Cairo
Company 138,contact138@example.com,+251935183440,Nairobi
Company 139,contact139@example.com,+251947337713,Jeddah
Company 140,contact140@example.com,+251985288406,Addis Ababa
Company 141,contact141@example.com,+251929060083,Cairo
Company 142,contact142@example.com,+251974254443,Riyadh
Company 143,contact143@example.com,+251961716781,Jeddah
Company 144,contact144@example.com,+251918639036,Cairo
Company 145,contact145@example.com,+251976415650,Nairobi
Company 146,contact146@example.com,+251984352785,Nairobi
Company 147,contact147@example.com,+251961509526,Cairo
Company 148,contact148@example.com,+251975075301,Cairo
Company 149,contact149@example.com,+251957706073,Dubai
Company 150,contact150@example.com,+251972514675,Riyadh
Company 151,contact151@example.com,+251988498499,Jeddah
Company 152,contact152@example.com,+251966800674,Addis Ababa
Company 153,contact153@example.com,+251987965691,Dubai
Company 154,contact154@example.com,+251991951412,Jeddah
Company 155,contact155@example.com,+251919122131,Riyadh
Company 156,contact156@example.com,+251910970473,Addis Ababa
Company 157,contact157@example.com,+251960602329,Addis Ababa
Company 158,contact158@example.com,+251966444410,Dubai
Company 159,contact159@example.com,+251921224486,Addis Ababa
Company 160,contact160@example.com,+251985793803,Dubai
Company 161,contact161@example.com,+251939400893,Riyadh
Company 162,contact162@example.com,+251993081553,Jeddah
Company 163,contact163@example.com,+251935807782,Nairobi
Company 164,contact164@example.com,+251988123637,Addis Ababa
Company 165,contact165@example.com,+251970980289,Cairo
Company 166,contact166@example.com,+251943774270,Jeddah
Company 167,contact167@example.com,+251982423134,Cairo
Company 168,contact168@example.com,+251936407550,Jeddah
Company 169,contact169@example.com,+251916672281,Cairo
Company 170,contact170@example.com,+251930162150,Riyadh
Company 171,contact171@example.com,+251999777537,Addis Ababa
Company 172,contact172@example.com,+251999796237,Jeddah
Company 173,contact173@example.com,+251955335535,Dubai
Company 174,contact174@example.com,+251972500650,Jeddah
Company 175,contact175@example.com,+251979876336,Jeddah
Company 176,contact176@example.com,+251999386063,Cairo
Company 177,contact177@example.com,+251952200747,Nairobi
Company 178,contact178@example.com,+251988478922,Dubai
Company 179,contact179@example.com,+251963888282,Riyadh
Company 180,contact180@example.com,+251993586914,Addis Ababa
Company 181,contact181@example.com,+251932668332,Nairobi
Company 182,contact182@example.com,+251924417405,Riyadh
Company 183,contact183@example.com,+251917853617,Cairo
Company 184,contact184@example.com,+251989830164,Addis Ababa
Company 185,contact185@example.com,+251949564209,Jeddah
Company 186,contact186@example.com,+251931456609,Jeddah
Company 187,contact187@example.com,+251922900350,Addis Ababa
Company 188,contact188@example.com,+251946023248,Dubai
Company 189,contact189@example.com,+251942319688,Cairo
Company 190,contact190@example.com,+251997722615,Jeddah
Company 191,contact191@example.com,+251998895489,Dubai
Company 192,contact192@example.com,+251949230047,Cairo
Company 193,contact193@example.com,+251993138958,Cairo
Company 194,contact194@example.com,+251997187165,Addis Ababa
Company 195,contact195@example.com,+251953207951,Riyadh
Company 196,contact196@example.com,+251957968953,Jeddah
Company 197,contact197@example.com,+251910318513,Dubai
Company 198,contact198@example.com,+251965981589,Riyadh
Company 199,contact199@example.com,+251951577195,Nairobi
Company 200,contact200@example.com,+251985103882,Cairo
Company 201,contact201@example.com,+251996221053,Riyadh
Company 202,contact202@example.com,+251971731334,Nairobi
Company 203,contact203@example.com,+251922548191,Riyadh
Company 204,contact204@example.com,+251921377621,Nairobi
Company 205,contact205@example.com,+251983467454,Cairo
Company 206,contact206@example.com,+251934656760,Addis Ababa
Company 207,contact207@example.com,+251922279485,Addis Ababa
Company 208,contact208@example.com,+251989113748,Cairo
Company 209,contact209@example.com,+251994184881,Nairobi
Company 210,contact210@example.com,+251948932514,Dubai
Company 211,contact211@example.com,+251965685873,Riyadh
Company 212,contact212@example.com,+251980197236,Nairobi
Company 213,contact213@example.com,+251992651867,Cairo
Company 214,contact214@example.com,+251936182871,Nairobi
Company 215,contact215@example.com,+251999919227,Jeddah
Company 216,contact216@example.com,+251933790887,Riyadh
Company 217,contact217@example.com,+251978359917,Cairo
Company 218,contact218@example.com,+251989108925,Addis Ababa
Company 219,contact219@example.com,+251987641907,Riyadh
Company 220,contact220@example.com,+251989349738,Cairo
Company 221,contact221@example.com,+251918383902,Dubai
Company 222,contact222@example.com,+251950179250,Jeddah
Company 223,contact223@example.com,+251985827291,Jeddah
Company 224,contact224@example.com,+251945322025,Jeddah
Company 225,contact225@example.com,+251990763743,Addis Ababa
Company 226,contact226@example.com,+251957702490,Dubai
Company 227,contact227@example.com,+251932529652,Cairo
Company 228,contact228@example.com,+251937797798,Jeddah
Company 229,contact229@example.com,+251917995654,Addis Ababa
Company 230,contact230@example.com,+251939464632,Cairo
Company 231,contact231@example.com,+251983400025,Nairobi
Company 232,contact232@example.com,+251957409289,Jeddah
Company 233,contact233@example.com,+251921397402,Addis Ababa
Company 234,contact234@example.com,+251973372537,Addis Ababa
Company 235,contact235@example.com,+251949514854,Dubai
Company 236,contact236@example.com,+251962588395,Riyadh
Company 237,contact237@example.com,+251926343558,Nairobi
Company 238,contact238@example.com,+251992203632,Riyadh
Company 239,contact239@example.com,+251955958932,Riyadh
Company 240,contact240@example.com,+251936512007,Nairobi
Company 241,contact241@example.com,+251911880326,Addis Ababa
Company 242,contact242@example.com,+251987295040,Nairobi
Company 243,contact243@example.com,+251952500965,Dubai
Company 244,contact244@example.com,+251946191214,Dubai
Company 245,contact245@example.com,+251971860250,Addis Ababa
Company 246,contact246@example.com,+251981296807,Jeddah
Company 247,contact247@example.com,+251936107438,Addis Ababa
Company 248,contact248@example.com,+251982181904,Jeddah
Company 249,contact249@example.com,+251990792405,Riyadh
Company 250,contact250@example.com,+251974546076,Cairo
